Coefficient,Term,Coefficient type
-76.64018183999579,I,<class 'numpy.float64'>
-0.0547500293925761,Z3,<class 'numpy.float64'>
-0.054750019971895,Z2,<class 'numpy.float64'>
0.1240614798242851,Z2 Z3,<class 'numpy.float64'>
0.0546147386968772,Z1,<class 'numpy.float64'>
0.0856029500021749,Z1 Z3,<class 'numpy.float64'>
0.1209164853995655,Z1 Z2,<class 'numpy.float64'>
-0.0353135307372899,X0 X1 Y2 Y3,<class 'numpy.float64'>
0.0353135307372899,X0 Y1 Y2 X3,<class 'numpy.float64'>
0.0353135307372899,Y0 X1 X2 Y3,<class 'numpy.float64'>
-0.0353135307372899,Y0 Y1 X2 X3,<class 'numpy.float64'>
0.0546147436624165,Z0,<class 'numpy.float64'>
0.1209164765129373,Z0 Z3,<class 'numpy.float64'>
0.0856029504357471,Z0 Z2,<class 'numpy.float64'>
0.1198607422430093,Z0 Z1,<class 'numpy.float64'>
